{"version": 45, "n": 50, "s_cell": 64, "pos": {"x": 213.9017342534927, "y": 191.9701795992981}, "scale": 1.0, "cells": [], "tokens": [{"x": 48.13, "y": 46.24, "size": 51.2, "color": "#000000", "image": "assets/tokens/f32b9083580f205f.png"}, {"x": 70.03, "y": 120.98, "size": 51.2, "color": "#000000", "image": "assets/tokens/1873a65415724387.png"}, {"x": 118.41, "y": 33.9, "size": 51.2, "color": "#000000", "image": "assets/tokens/1873a65415724387.png"}]}