{"version": 6, "n": 50, "s_cell": 64, "pos": {"x": 411.7633764332586, "y": -641.0407110381411}, "scale": 1.0, "cells": [], "tokens": []}