{"version": 8, "n": 50, "s_cell": 64, "pos": {"x": 187.83888649950387, "y": 123.05186314666568}, "scale": 1.0, "cells": [{"col": 1, "row": 0, "image": "assets/cells/f95edc9dd8265880.jpeg", "prop": "assets/cells/558ccb92c96b5fce.png"}]}