{"version": 17, "n": 50, "s_cell": 64, "pos": {"x": -515.422236099577, "y": -243.38662438629444}, "scale": 1.0, "cells": []}